<?xml version='1.0' encoding='utf-8' standalone='yes' ?>
<map>
    <string name="prefAppIconSize">0</string>
    <string name="packageorder_4">com.netflix.mediaclient</string>
    <string name="prefJumpbackWatchdogTime">5000</string>
    <boolean name="prefBackgroundObservationEnabled" value="true" />
    <string name="packageorder_6">com.amazon.avod.thirdpartyclient</string>
    <boolean name="prefClearPreviousInstancesForDoubleClick" value="false" />
    <string name="packageorder_12">com.teamviewer.quicksupport.market</string>
    <string name="packageorder_5">com.hulu.livingroomplus</string>
    <string name="packageorder_14">com.firepwn.home.montoya.virtual.settings</string>
    <boolean name="prefClearPreviousInstancesForSingleClick" value="false" />
    <string name="packageorder_11">org.fdroid.fdroid</string>
    <string name="prefClickInterval">500</string>
    <boolean name="prefShowSysApps" value="false" />
    <int name="packageorder_size" value="15" />
    <boolean name="prefHideLeftBarInAppOverview" value="true" />
    <string name="prefLanguage"></string>
    <string name="packageorder_7">com.amazon.mp3</string>
    <string name="packageorder_8">in.shick.diode</string>
    <boolean name="prefBackgroundObservationFallBackToNonAdb" value="true" />
    <boolean name="prefBackgroundObservationViaAdb" value="false" />
    <string name="packageorder_0">org.xbmc.kodi</string>
    <string name="prefHomeDoubleClickPackage">org.xbmc.kodi</string>
    <boolean name="prefShowBackgroundForAppNames" value="false" />
    <string name="packageorder_9">org.videolan.vlc</string>
    <string name="packageorder_10">com.opera.mini.android</string>
    <string name="packageorder_13">com.speedsoftware.rootexplorer</string>
    <string name="prefHomeSingleClickPackage">com.firepwn.home.montoya</string>
    <string name="packageorder_3">org.schabi.newpipe</string>
    <string name="prefKodiUpdatePolicy">Stable</string>
    <boolean name="prefHaveUpdateSeen" value="false" />
    <string name="packageorder_1">com.mobdro.android</string>
    <string name="prefStartupPackage">com.firepwn.home.montoya</string>
    <string name="packageorder_2">dp.ws.popcorntime</string>
    <set name="prefHiddenApps">
        <string>org.acestream</string>
        <string>com.firepwn.home.montoya</string>
        <string>org.sopcast.android</string>
    </set>
    <boolean name="prefAutoSelectFirstIcon" value="true" />
</map>
